"AN","41101","Amount","40"
"AS","41101","AccountClass","Revenue"
"AA","41101","AccountName","Sales"
"AS","41101","Format","b:#,##0;(#,##0)CO|0|Y"
"AA","41101","AccountName_English","Sales"
"AA","41101","AccountName_German","Verkäufe"
"AA","41101","AccountName_French","Ventes"
"AA","41101","AccountName_Japanese","売上"
"AA","41101","AccountName_Italian","Vendite"
"AA","41101","AccountName_Spanish","Ventas"
"AA","41101","AccountName_ChineseSimplified","销量"
"AA","41101","AccountName_Czech","Prodej"
"AA","41101","AccountName_Danish","Salg"
"AA","41101","AccountName_Finnish","Myynti"
"AA","41101","AccountName_Hungarian","Értékesítés"
"AA","41101","AccountName_Croatian","Prodaja"
"AA","41101","AccountName_Korean","영업"
"AA","41101","AccountName_Brasilian","Vendas"
"AA","41101","AccountName_Romanian","Vânzări"
"AA","41101","AccountName_Russian","Продажи"
"AA","41101","AccountName_Swedish","Försäljning"
"AA","41101","AccountName_Turkish","Satışlar"
"AA","41101","AccountName_ChineseTraditional","銷售"
"AA","41101","AccountName_Polish","Sprzedaż"
"AA","41101","AccountName_Norwegian","Salg"
"AN","42201","Amount","50"
"AS","42201","AccountClass","Revenue"
"AA","42201","AccountName","Other Revenue"
"AS","42201","Format","b:#,##0;(#,##0)CO|0|Y"
"AA","42201","AccountName_English","Other Revenue"
"AA","42201","AccountName_German","sonstige Umsätze"
"AA","42201","AccountName_French","Autres recettes"
"AA","42201","AccountName_Japanese","その他の収益"
"AA","42201","AccountName_Italian","Altre entrate"
"AA","42201","AccountName_Spanish","Otros ingresos"
"AA","42201","AccountName_ChineseSimplified","其他收入"
"AA","42201","AccountName_Czech","Ostatní výnosy"
"AA","42201","AccountName_Danish","Anden indtægt"
"AA","42201","AccountName_Finnish","Muut tuotot"
"AA","42201","AccountName_Hungarian","Egyéb árbevétel"
"AA","42201","AccountName_Croatian","Ostali prihodi"
"AA","42201","AccountName_Korean","기타 수익"
"AA","42201","AccountName_Brasilian","Outra Receita"
"AA","42201","AccountName_Romanian","Alt Venit"
"AA","42201","AccountName_Russian","Other Revenue (Другие доходы)"
"AA","42201","AccountName_Swedish","Övriga intäkter"
"AA","42201","AccountName_Turkish","Diğer Gelirler"
"AA","42201","AccountName_ChineseTraditional","其他收入"
"AA","42201","AccountName_Polish","Inne przychody"
"AA","42201","AccountName_Norwegian","Annen inntekt"
"AS","Revenue","FormatGroup","Subtotal2"
"AN","Revenue","Amount","30"
"AS","Revenue","AccountClass","Revenue"
"AA","Revenue","AccountName","Revenue"
"AS","Revenue","Format","b:#,##0;(#,##0)CO|0|Y"
"AA","Revenue","AccountName_English","Revenue"
"AA","Revenue","AccountName_German","Umsatzerlöse"
"AA","Revenue","AccountName_French","Chiffre d'affaires"
"AA","Revenue","AccountName_Japanese","収益"
"AA","Revenue","AccountName_Italian","Entrate"
"AA","Revenue","AccountName_Spanish","Ingreso"
"AA","Revenue","AccountName_ChineseSimplified","收入"
"AA","Revenue","AccountName_Czech","Výnos"
"AA","Revenue","AccountName_Danish","Indtægt"
"AA","Revenue","AccountName_Finnish","Tuotto"
"AA","Revenue","AccountName_Hungarian","Árbevétel"
"AA","Revenue","AccountName_Croatian","Prihod"
"AA","Revenue","AccountName_Korean","수익"
"AA","Revenue","AccountName_Brasilian","Receita"
"AA","Revenue","AccountName_Romanian","Venit"
"AA","Revenue","AccountName_Russian","Revenue (Доходы)"
"AA","Revenue","AccountName_Swedish","Intäkter"
"AA","Revenue","AccountName_Turkish","Gelir"
"AA","Revenue","AccountName_ChineseTraditional","收入"
"AA","Revenue","AccountName_Polish","Przychód"
"AA","Revenue","AccountName_Norwegian","Inntekt"
"AS","51001","AccountClass","Expense"
"AA","51001","AccountName","Direct Cost"
"AS","51001","Format","b:#,##0;(#,##0)CO|0|Y"
"AA","51001","AccountName_English","Direct Cost"
"AA","51001","AccountName_German","direkte Kosten"
"AA","51001","AccountName_French","Coûts de directs"
"AA","51001","AccountName_Japanese","直接費用"
"AA","51001","AccountName_Italian","Costi diretti"
"AA","51001","AccountName_Spanish","Costes directos"
"AA","51001","AccountName_ChineseSimplified","直接成本"
"AA","51001","AccountName_Czech","Přímé náklady"
"AA","51001","AccountName_Danish","Direkte omkostning"
"AA","51001","AccountName_Finnish","Suorat kustannukset"
"AA","51001","AccountName_Hungarian","Közvetlen költség"
"AA","51001","AccountName_Croatian","Izravan trošak"
"AA","51001","AccountName_Korean","직접 경비"
"AA","51001","AccountName_Brasilian","Custo Direto"
"AA","51001","AccountName_Romanian","Cost Direct"
"AA","51001","AccountName_Russian","Direct Cost (Прямые затраты)"
"AA","51001","AccountName_Swedish","Direkta kostnader"
"AA","51001","AccountName_Turkish","Dolaysız Maliyet"
"AA","51001","AccountName_ChineseTraditional","直接成本"
"AA","51001","AccountName_Polish","Koszt bezpośredni"
"AA","51001","AccountName_Norwegian","Direkte kostnader"
"AS","51003","AccountClass","Expense"
"AA","51003","AccountName","Other Costs"
"AS","51003","Format","b:#,##0;(#,##0)CO|0|Y"
"AA","51003","AccountName_English","Other Costs"
"AA","51003","AccountName_German","andere Kosten"
"AA","51003","AccountName_French","Autres Coûts"
"AA","51003","AccountName_Japanese","その他の費用"
"AA","51003","AccountName_Italian","Altri costi"
"AA","51003","AccountName_Spanish","Otros costes"
"AA","51003","AccountName_ChineseSimplified","其他成本"
"AA","51003","AccountName_Czech","Ostatní náklady"
"AA","51003","AccountName_Danish","Andre omkostninger"
"AA","51003","AccountName_Finnish","Muut kustannukset"
"AA","51003","AccountName_Hungarian","Egyéb költségek"
"AA","51003","AccountName_Croatian","Ostali troškovi"
"AA","51003","AccountName_Korean","기타 경비"
"AA","51003","AccountName_Brasilian","Outros Custos"
"AA","51003","AccountName_Romanian","Alte costuri"
"AA","51003","AccountName_Russian","Other Costs (Прочие затраты)"
"AA","51003","AccountName_Swedish","Övriga kostnader"
"AA","51003","AccountName_Turkish","Diğer Maliyetler"
"AA","51003","AccountName_ChineseTraditional","其他成本"
"AA","51003","AccountName_Polish","Inne koszty"
"AA","51003","AccountName_Norwegian","Andre kostnader"
"AS","COS","FormatGroup","Subtotal2"
"AN","COS","Amount","60"
"AS","COS","AccountClass","Expense"
"AA","COS","AccountName","COS"
"AS","COS","Format","b:#,##0;(#,##0)CO|0|Y"
"AA","COS","AccountName_English","COS"
"AA","COS","AccountName_German","Herstellkosten"
"AA","COS","AccountName_French","Coût des ventes"
"AA","COS","AccountName_Japanese","COS (積み出し払い)"
"AA","COS","AccountName_Italian","Costi delle vendite"
"AA","COS","AccountName_Spanish","Coste de ventas"
"AA","COS","AccountName_ChineseSimplified","COS（销售成本）"
"AA","COS","AccountName_Czech","Náklady na služby"
"AA","COS","AccountName_Finnish","Myyntikulut"
"AA","COS","AccountName_Brasilian","CUS"
"AA","COS","AccountName_Swedish","Kostnad för sålda varor"
"AA","COS","AccountName_Turkish","Satışların Maliyeti"
"AA","COS","AccountName_Norwegian","Salgskostnader"
"AS","61010","picklist","static:1:2:3:4:5"
"AS","61010","AccountClass","Expense"
"AA","61010","AccountName","Bank Charges"
"AS","61010","Format","b:#,##0;(#,##0)CO|0|Y"
"AA","61010","AccountName_English","Bank Charges"
"AA","61010","AccountName_German","Bank-Gebühren"
"AA","61010","AccountName_French","Frais bancaires"
"AA","61010","AccountName_Japanese","銀行手数料"
"AA","61010","AccountName_Italian","Spese bancarie"
"AA","61010","AccountName_Spanish","Comisiones bancarias"
"AA","61010","AccountName_ChineseSimplified","银行收费"
"AA","61010","AccountName_Czech","Bankovní poplatky"
"AA","61010","AccountName_Danish","Bankgebyrer"
"AA","61010","AccountName_Finnish","Pankkikulut"
"AA","61010","AccountName_Hungarian","Banki költségek"
"AA","61010","AccountName_Croatian","Bankovni troškovi"
"AA","61010","AccountName_Korean","은행 수수료"
"AA","61010","AccountName_Brasilian","Tarifas Bancárias"
"AA","61010","AccountName_Romanian","Taxe bancare"
"AA","61010","AccountName_Russian","Bank Charges (Оплата банковских услуг)"
"AA","61010","AccountName_Swedish","Bankavgifter"
"AA","61010","AccountName_Turkish","Banka Giderleri"
"AA","61010","AccountName_ChineseTraditional","銀行費用"
"AA","61010","AccountName_Polish","Opłaty bankowe"
"AA","61010","AccountName_Norwegian","Bankgebyrer"
"AS","61015","AccountClass","Expense"
"AA","61015","AccountName","Board of Directors"
"AS","61015","Format","b:#,##0;(#,##0)CO|0|Y"
"AA","61015","AccountName_English","Board of Directors"
"AA","61015","AccountName_German","Aufsichtsrat"
"AA","61015","AccountName_French","Comité de direction"
"AA","61015","AccountName_Japanese","重役会"
"AA","61015","AccountName_Italian","Consiglio di amministrazione"
"AA","61015","AccountName_Spanish","Consejo directivo"
"AA","61015","AccountName_ChineseSimplified","董事会"
"AA","61015","AccountName_Czech","Dozorčí rada"
"AA","61015","AccountName_Danish","Bestyrelse"
"AA","61015","AccountName_Finnish","Hallitus"
"AA","61015","AccountName_Hungarian","Igazgatói testület"
"AA","61015","AccountName_Croatian","Poslovni odbor"
"AA","61015","AccountName_Korean","이사회"
"AA","61015","AccountName_Brasilian","Conselho de Administração"
"AA","61015","AccountName_Romanian","Comisie de Directori"
"AA","61015","AccountName_Russian","Board of Directors (Совет директоров)"
"AA","61015","AccountName_Swedish","Bolagsstyrelse"
"AA","61015","AccountName_Turkish","Yönetim Kurulu"
"AA","61015","AccountName_ChineseTraditional","董事會"
"AA","61015","AccountName_Polish","Rada nadzorcza"
"AA","61015","AccountName_Norwegian","Styre"
"AS","61030","AccountClass","Expense"
"AA","61030","AccountName","Employee Relations"
"AS","61030","Format","b:#,##0;(#,##0)CO|0|Y"
"AA","61030","AccountName_English","Employee Relations"
"AA","61030","AccountName_German","Mitarbeiterbeziehungen"
"AA","61030","AccountName_French","Relations employés"
"AA","61030","AccountName_Japanese","社員関連"
"AA","61030","AccountName_Italian","Relazioni con i dipendenti"
"AA","61030","AccountName_Spanish","Relaciones con los empleados"
"AA","61030","AccountName_ChineseSimplified","雇员关系"
"AA","61030","AccountName_Czech","Vztahy se zaměstnanci"
"AA","61030","AccountName_Danish","Medarbejderforhold"
"AA","61030","AccountName_Finnish","Työsuhteet"
"AA","61030","AccountName_Hungarian","Alkalmazotti viszonyok"
"AA","61030","AccountName_Croatian","Odnosi zaposlenika"
"AA","61030","AccountName_Korean","고용인 관계"
"AA","61030","AccountName_Brasilian","Relacionamentos de Funcionários"
"AA","61030","AccountName_Romanian","Relaţii dintre angajaţi"
"AA","61030","AccountName_Russian","Employee Relations (Отношения с наемными работниками)"
"AA","61030","AccountName_Swedish","Personalrelationer"
"AA","61030","AccountName_Turkish","Çalışan İlişkileri"
"AA","61030","AccountName_ChineseTraditional","員工關係"
"AA","61030","AccountName_Polish","Relacje z pracownikami"
"AA","61030","AccountName_Norwegian","Ansatterelasjoner"
"AS","61065","AccountClass","Expense"
"AA","61065","AccountName","Printing"
"AS","61065","Format","b:#,##0;(#,##0)CO|0|Y"
"AA","61065","AccountName_English","Printing"
"AA","61065","AccountName_German","Broschüren"
"AA","61065","AccountName_French","Impression"
"AA","61065","AccountName_Japanese","印刷"
"AA","61065","AccountName_Italian","Stampa"
"AA","61065","AccountName_Spanish","Imprimiendo"
"AA","61065","AccountName_ChineseSimplified","印刷"
"AA","61065","AccountName_Czech","Tisk"
"AA","61065","AccountName_Danish","Udskrivning"
"AA","61065","AccountName_Finnish","Painokulut"
"AA","61065","AccountName_Hungarian","Nyomtatás"
"AA","61065","AccountName_Croatian","Ispis"
"AA","61065","AccountName_Korean","인쇄"
"AA","61065","AccountName_Brasilian","Imprimindo"
"AA","61065","AccountName_Romanian","Tipărire"
"AA","61065","AccountName_Russian","Распечатка"
"AA","61065","AccountName_Swedish","Trycksaker"
"AA","61065","AccountName_Turkish","Yazdırma"
"AA","61065","AccountName_ChineseTraditional","列印"
"AA","61065","AccountName_Polish","Drukowanie"
"AA","61065","AccountName_Norwegian","Utskrift"
"AS","61080","AccountClass","Expense"
"AA","61080","AccountName","Seminars & Continuing Ed."
"AS","61080","Format","b:#,##0;(#,##0)CO|0|Y"
"AA","61080","AccountName_English","Seminars & Continuing Ed."
"AA","61080","AccountName_German","Seminare und Ausbildung"
"AA","61080","AccountName_French","Séminaires"
"AA","61080","AccountName_Japanese","セミナーと継続教室"
"AA","61080","AccountName_Italian","Seminari e formazione continua"
"AA","61080","AccountName_Spanish","Seminarios y Educación continua"
"AA","61080","AccountName_ChineseSimplified","研讨会与进修教育"
"AA","61080","AccountName_Czech","Semináře &amp; další výuka"
"AA","61080","AccountName_Danish","Seminarer og videreuddannelse."
"AA","61080","AccountName_Finnish","Seminaarit ja jatkokoulutus"
"AA","61080","AccountName_Hungarian","Szemináriumok és folyamatos képzés"
"AA","61080","AccountName_Croatian","Seminari i kontinuirano obrazovanje"
"AA","61080","AccountName_Korean","세미나 및 평생 교육"
"AA","61080","AccountName_Brasilian","Seminários e Educ. Continuada"
"AA","61080","AccountName_Romanian","Seminarii &amp; Continuare Ed."
"AA","61080","AccountName_Russian","Seminars &amp; Continuing Ed. (Семинары и курсы обучения)"
"AA","61080","AccountName_Swedish","Seminarier och fortbildning"
"AA","61080","AccountName_Turkish","Seminerler ve Sürekli Eğitim"
"AA","61080","AccountName_ChineseTraditional","講座與持續進修"
"AA","61080","AccountName_Polish","Seminaria i kształcenie ciągłe"
"AA","61080","AccountName_Norwegian","Seminarer & videreutdanning"
"AS","61095","AccountClass","Expense"
"AA","61095","AccountName","Taxes & Licenses"
"AS","61095","Format","b:#,##0;(#,##0)CO|0|Y"
"AA","61095","AccountName_English","Taxes & Licenses"
"AA","61095","AccountName_German","Steuern und Lizenzen"
"AA","61095","AccountName_French","Taxes & Licences"
"AA","61095","AccountName_Japanese","税金とライセンス"
"AA","61095","AccountName_Italian","Tasse e licenze"
"AA","61095","AccountName_Spanish","Impuestos y Licencias"
"AA","61095","AccountName_ChineseSimplified","税收与许可证"
"AA","61095","AccountName_Czech","Daně &amp; licence"
"AA","61095","AccountName_Danish","Gebyrer og licenser"
"AA","61095","AccountName_Finnish","Verot ja käyttömaksut"
"AA","61095","AccountName_Hungarian","Adók és licencek"
"AA","61095","AccountName_Croatian","Porezi i licence"
"AA","61095","AccountName_Korean","세금 및 라이센스"
"AA","61095","AccountName_Brasilian","Impostos e Licenças"
"AA","61095","AccountName_Romanian","Taxe &amp; Licenţe"
"AA","61095","AccountName_Russian","Налоги и лицензии"
"AA","61095","AccountName_Swedish","Skatter och avgifter"
"AA","61095","AccountName_Turkish","Vergiler ve Lisanslar"
"AA","61095","AccountName_ChineseTraditional","稅額與執照"
"AA","61095","AccountName_Polish","Podatki i licencje"
"AA","61095","AccountName_Norwegian","Avgifter & lisenser"
"AS","64055","AccountClass","Expense"
"AA","64055","AccountName","Office Expense"
"AS","64055","Format","b:#,##0;(#,##0)CO|0|Y"
"AA","64055","AccountName_English","Office Expense"
"AA","64055","AccountName_German","Bürokosten"
"AA","64055","AccountName_French","Fournitures de bureau"
"AA","64055","AccountName_Japanese","オフィス経費"
"AA","64055","AccountName_Italian","Spese per ufficio"
"AA","64055","AccountName_Spanish","Gastos de oficina"
"AA","64055","AccountName_ChineseSimplified","办公费用"
"AA","64055","AccountName_Czech","Administrativní náklady"
"AA","64055","AccountName_Danish","Kontorhold"
"AA","64055","AccountName_Finnish","Toimistokulut"
"AA","64055","AccountName_Hungarian","Irodai költségek"
"AA","64055","AccountName_Croatian","Uredski troškovi"
"AA","64055","AccountName_Korean","사무비"
"AA","64055","AccountName_Brasilian","Despesas do Escritório"
"AA","64055","AccountName_Romanian","Cheluială de birou"
"AA","64055","AccountName_Russian","Офисные расходы"
"AA","64055","AccountName_Swedish","Kontorskostnader"
"AA","64055","AccountName_Turkish","Ofis Masrafı"
"AA","64055","AccountName_ChineseTraditional","辦公室費用"
"AA","64055","AccountName_Polish","Wydatki biurowe"
"AA","64055","AccountName_Norwegian","Kontorutgifter"
"AS","64060","AccountClass","Expense"
"AA","64060","AccountName","Postage"
"AS","64060","Format","b:#,##0;(#,##0)CO|0|Y"
"AA","64060","AccountName_English","Postage"
"AA","64060","AccountName_German","Porto"
"AA","64060","AccountName_French","Affranchissement"
"AA","64060","AccountName_Japanese","郵便"
"AA","64060","AccountName_Italian","Spese postali"
"AA","64060","AccountName_Spanish","Franqueo"
"AA","64060","AccountName_ChineseSimplified","邮寄费用"
"AA","64060","AccountName_Czech","Poštovné"
"AA","64060","AccountName_Danish","Porto"
"AA","64060","AccountName_Finnish","Postituskulut"
"AA","64060","AccountName_Hungarian","Posta"
"AA","64060","AccountName_Croatian","Poštarina"
"AA","64060","AccountName_Korean","우송료"
"AA","64060","AccountName_Brasilian","Postagem"
"AA","64060","AccountName_Romanian","Tarif poştal"
"AA","64060","AccountName_Russian","Почтовые расходы"
"AA","64060","AccountName_Swedish","Porto"
"AA","64060","AccountName_Turkish","Posta Ücretleri"
"AA","64060","AccountName_ChineseTraditional","郵資"
"AA","64060","AccountName_Polish","Opłaty pocztowe"
"AA","64060","AccountName_Norwegian","Porto"
"AS","64065","AccountClass","Expense"
"AA","64065","AccountName","Rent"
"AS","64065","Format","b:#,##0;(#,##0)CO|0|Y"
"AA","64065","AccountName_English","Rent"
"AA","64065","AccountName_German","Mieten"
"AA","64065","AccountName_French","Loyers"
"AA","64065","AccountName_Japanese","賃貸"
"AA","64065","AccountName_Italian","Affitto"
"AA","64065","AccountName_Spanish","Alquiler"
"AA","64065","AccountName_ChineseSimplified","租金"
"AA","64065","AccountName_Czech","Nájem"
"AA","64065","AccountName_Danish","Husleje"
"AA","64065","AccountName_Finnish","Vuokra"
"AA","64065","AccountName_Hungarian","Bérleti díj"
"AA","64065","AccountName_Croatian","Najam"
"AA","64065","AccountName_Korean","임대"
"AA","64065","AccountName_Brasilian","Aluguel"
"AA","64065","AccountName_Romanian","Chirie"
"AA","64065","AccountName_Russian","Аренда"
"AA","64065","AccountName_Swedish","Hyra"
"AA","64065","AccountName_Turkish","Kira"
"AA","64065","AccountName_ChineseTraditional","租金"
"AA","64065","AccountName_Polish","Czynsz"
"AA","64065","AccountName_Norwegian","Leie"
"AS","64070","AccountClass","Expense"
"AA","64070","AccountName","Repairs & Maintenance"
"AS","64070","Format","b:#,##0;(#,##0)CO|0|Y"
"AA","64070","AccountName_English","Repairs & Maintenance"
"AA","64070","AccountName_German","Reparaturen und Instandhaltung"
"AA","64070","AccountName_French","Réparations et maintenance"
"AA","64070","AccountName_Japanese","修理と維持"
"AA","64070","AccountName_Italian","Riparazioni e manutenzione"
"AA","64070","AccountName_Spanish","Reparaciones y mantenimiento"
"AA","64070","AccountName_ChineseSimplified","保养与维护"
"AA","64070","AccountName_Czech","Opravy &amp; údržba"
"AA","64070","AccountName_Danish","Reparation og vedligeholdelse"
"AA","64070","AccountName_Finnish","Huolto ja ylläpito"
"AA","64070","AccountName_Hungarian","Javítás és karbantartás"
"AA","64070","AccountName_Croatian","Popravci i održavanje"
"AA","64070","AccountName_Korean","수리 및 유지보수"
"AA","64070","AccountName_Brasilian","Reparos e Manutenção"
"AA","64070","AccountName_Romanian","Reparaţii &amp; Întreţinere"
"AA","64070","AccountName_Russian","Ремонт и обслуживание"
"AA","64070","AccountName_Swedish","Reparationer och underhåll"
"AA","64070","AccountName_Turkish","Onarım ve Bakım"
"AA","64070","AccountName_ChineseTraditional","維修與保養"
"AA","64070","AccountName_Polish","Naprawy i konserwacje"
"AA","64070","AccountName_Norwegian","Reparasjoner & vedlikehold"
"AS","64090","AccountClass","Expense"
"AA","64090","AccountName","Telephone"
"AS","64090","Format","b:#,##0;(#,##0)CO|0|Y"
"AA","64090","AccountName_English","Telephone"
"AA","64090","AccountName_German","Telefon"
"AA","64090","AccountName_French","Telephone"
"AA","64090","AccountName_Japanese","電話"
"AA","64090","AccountName_Italian","Telefono"
"AA","64090","AccountName_Spanish","Teléfono"
"AA","64090","AccountName_ChineseSimplified","电话费"
"AA","64090","AccountName_Czech","Telefon"
"AA","64090","AccountName_Danish","Telefon"
"AA","64090","AccountName_Finnish","Puhelin"
"AA","64090","AccountName_Hungarian","Telefon"
"AA","64090","AccountName_Croatian","Telefon"
"AA","64090","AccountName_Korean","전화비"
"AA","64090","AccountName_Brasilian","Telefone"
"AA","64090","AccountName_Romanian","Telefon"
"AA","64090","AccountName_Russian","Телефон"
"AA","64090","AccountName_Swedish","Telefon"
"AA","64090","AccountName_Turkish","Telefon"
"AA","64090","AccountName_ChineseTraditional","電話"
"AA","64090","AccountName_Polish","Telefon"
"AA","64090","AccountName_Norwegian","Telefon"
"AS","64100","AccountClass","Expense"
"AA","64100","AccountName","Utilities"
"AS","64100","Format","b:#,##0;(#,##0)CO|0|Y"
"AA","64100","AccountName_English","Utilities"
"AA","64100","AccountName_German","Energie, Wasser, Strom, Gas"
"AA","64100","AccountName_French","Frais généraux"
"AA","64100","AccountName_Japanese","水道光熱"
"AA","64100","AccountName_Italian","Utenze"
"AA","64100","AccountName_Spanish","Utilidades"
"AA","64100","AccountName_ChineseSimplified","水电燃气费用"
"AA","64100","AccountName_Czech","Technické vybavení"
"AA","64100","AccountName_Danish","Faciliteter"
"AA","64100","AccountName_Finnish","Yleishyödykkeet"
"AA","64100","AccountName_Hungarian","Közművek"
"AA","64100","AccountName_Croatian","Oprema"
"AA","64100","AccountName_Korean","공과금"
"AA","64100","AccountName_Brasilian","Utilitários"
"AA","64100","AccountName_Romanian","Utilităţi"
"AA","64100","AccountName_Russian","Коммунальные услуги"
"AA","64100","AccountName_Swedish","El, gas och vatten"
"AA","64100","AccountName_Turkish","Altyapı Hizmetleri"
"AA","64100","AccountName_ChineseTraditional","公用事業費"
"AA","64100","AccountName_Polish","Usługi komunalne"
"AA","64100","AccountName_Norwegian","Renovasjon, vann, avløp"
"AS","66005","AccountClass","Expense"
"AA","66005","AccountName","Accounting Expense"
"AS","66005","Format","b:#,##0;(#,##0)CO|0|Y"
"AA","66005","AccountName_English","Accounting Expense"
"AA","66005","AccountName_German","Buchhaltungskosten"
"AA","66005","AccountName_French","Dépenses de comptabilité"
"AA","66005","AccountName_Japanese","会計経費"
"AA","66005","AccountName_Italian","Spese di amministrazione"
"AA","66005","AccountName_Spanish","Gasto contable"
"AA","66005","AccountName_ChineseSimplified","会计费用"
"AA","66005","AccountName_Czech","Účetní výdaje"
"AA","66005","AccountName_Danish","Regnskabsudgift"
"AA","66005","AccountName_Finnish","Kirjanpitokulut"
"AA","66005","AccountName_Hungarian","Számviteli költségek"
"AA","66005","AccountName_Croatian","Izdaci za knjigovodstvo"
"AA","66005","AccountName_Korean","회계 비용"
"AA","66005","AccountName_Brasilian","Despesas Contábeis"
"AA","66005","AccountName_Romanian","Cheltuieli de contabilitate"
"AA","66005","AccountName_Russian","Расходы на бухгалтерию"
"AA","66005","AccountName_Swedish","Redovisningskostnader"
"AA","66005","AccountName_Turkish","Muhasebe Masrafı"
"AA","66005","AccountName_ChineseTraditional","會計費用"
"AA","66005","AccountName_Polish","Wydatki na księgowość"
"AA","66005","AccountName_Norwegian","Regnskapsutgifter"
"AS","66010","AccountClass","Expense"
"AA","66010","AccountName","Legal & Counsulting"
"AS","66010","Format","b:#,##0;(#,##0)CO|0|Y"
"AA","66010","AccountName_English","Legal & Counsulting"
"AA","66010","AccountName_German","Rechts- und Beratungskosten"
"AA","66010","AccountName_French","Frais juridiques"
"AA","66010","AccountName_Japanese","法律とコンサルティング"
"AA","66010","AccountName_Italian","Spese legali e per consulenze"
"AA","66010","AccountName_Spanish","Servicios jurídicos y de consultoría"
"AA","66010","AccountName_ChineseSimplified","法律与咨询费用"
"AA","66010","AccountName_Czech","Právní oddělení &amp; poradenství"
"AA","66010","AccountName_Danish","Juridisk rådgivning"
"AA","66010","AccountName_Finnish","Lakiasiat ja konsultointi"
"AA","66010","AccountName_Hungarian","Ügyvédi és tanácsadói költségek"
"AA","66010","AccountName_Croatian","Pravnici i savjetnici"
"AA","66010","AccountName_Korean","법률 및 자문"
"AA","66010","AccountName_Brasilian","Jurídico &amp; Consultoria"
"AA","66010","AccountName_Romanian","Consultanţă juridică &amp;"
"AA","66010","AccountName_Russian","Юридические и консалтинговые услуги"
"AA","66010","AccountName_Swedish","Jurist- och konsultkostnader"
"AA","66010","AccountName_Turkish","Hukuk ve Danışmanlık"
"AA","66010","AccountName_ChineseTraditional","法律與諮詢"
"AA","66010","AccountName_Polish","Usługi prawne i konsulting"
"AA","66010","AccountName_Norwegian","Juridiske tjenester & konsulenttjenester"
"AS","67010","AccountClass","Expense"
"AA","67010","AccountName","Repairs, Customer Equipment"
"AS","67010","Format","b:#,##0;(#,##0)CO|0|Y"
"AA","67010","AccountName_English","Repairs, Customer Equipment"
"AA","67010","AccountName_German","Reparaturen"
"AA","67010","AccountName_French","Réparations et maintance"
"AA","67010","AccountName_Japanese","修理、顧客機器"
"AA","67010","AccountName_Italian","Riparazioni, attrezzatura del cliente"
"AA","67010","AccountName_Spanish","Reparaciones, Equipos de cliente"
"AA","67010","AccountName_ChineseSimplified","维修 - 顾客设备"
"AA","67010","AccountName_Czech","Opravy, vybavení zákazníků"
"AA","67010","AccountName_Danish","Reparationer, kundeudstyr"
"AA","67010","AccountName_Finnish","Korjaukset, asiakaslaitteisto"
"AA","67010","AccountName_Hungarian","Javítások, ügyfél felszerelés"
"AA","67010","AccountName_Croatian","Popravci, oprema korisnika"
"AA","67010","AccountName_Korean","수리, 고객 장비"
"AA","67010","AccountName_Brasilian","Reparos, Equipamento do Cliente"
"AA","67010","AccountName_Romanian","Reparaţii, Echipament Client"
"AA","67010","AccountName_Russian","Ремонт, Оборудование заказчиков"
"AA","67010","AccountName_Swedish","Reparationer, kundutrustning"
"AA","67010","AccountName_Turkish","Onarımlar, Müşteri Ekipmanı"
"AA","67010","AccountName_ChineseTraditional","維修，客戶設備"
"AA","67010","AccountName_Polish","Naprawy, sprzęt klientów"
"AA","67010","AccountName_Norwegian","Reparasjoner, kundeutstyr"
"AS","67015","AccountClass","Expense"
"AA","67015","AccountName","IT Expense"
"AA","67015","AccountName_English","IT Expense"
"AA","67015","AccountName_German","IT"
"AA","67015","AccountName_French","Informatique"
"AA","67015","AccountName_Japanese","IT 経費"
"AA","67015","AccountName_Italian","Spese per tecnologie informatiche"
"AA","67015","AccountName_Spanish","Gastos informáticos"
"AA","67015","AccountName_ChineseSimplified","IT 费用"
"AA","67015","AccountName_Czech","Náklady na IT"
"AA","67015","AccountName_Danish","IT-udgift"
"AA","67015","AccountName_Finnish","IT-kulut"
"AA","67015","AccountName_Hungarian","IT költségek"
"AA","67015","AccountName_Croatian","IT izdatak"
"AA","67015","AccountName_Korean","IT 경비"
"AA","67015","AccountName_Brasilian","Despesas de TI"
"AA","67015","AccountName_Romanian","Cheltuieli IT"
"AA","67015","AccountName_Russian","Расходы на ИТ"
"AA","67015","AccountName_Swedish","IT-kostnader"
"AA","67015","AccountName_Turkish","BT Masrafı"
"AA","67015","AccountName_ChineseTraditional","IT 費用"
"AA","67015","AccountName_Polish","Wydatki związane z IT"
"AA","67015","AccountName_Norwegian","IT-utgifter"
"AS","Other Expenses","FormatGroup","Subtotal1"
"AS","Other Expenses","AccountClass","Expense"
"AA","Other Expenses","AccountName","Other Expenses"
"AS","Other Expenses","Format","b:#,##0;(#,##0)CO|0|Y"
"AA","Other Expenses","AccountName_English","Other Expenses"
"AA","Other Expenses","AccountName_German","sonstige Kosten"
"AA","Other Expenses","AccountName_French","Autres dépenses"
"AA","Other Expenses","AccountName_Japanese","その他の経費"
"AA","Other Expenses","AccountName_Italian","Altre spese"
"AA","Other Expenses","AccountName_Spanish","Otros gastos"
"AA","Other Expenses","AccountName_ChineseSimplified","其他费用"
"AA","Other Expenses","AccountName_Czech","Další náklady"
"AA","Other Expenses","AccountName_Danish","Andre udgifter"
"AA","Other Expenses","AccountName_Finnish","Muut kulut"
"AA","Other Expenses","AccountName_Croatian","Ostali izdaci"
"AA","Other Expenses","AccountName_Brasilian","Outras Despesas"
"AA","Other Expenses","AccountName_Romanian","Alte cheltuieli"
"AA","Other Expenses","AccountName_Russian","Прочие расходы"
"AA","Other Expenses","AccountName_Turkish","Diğer Masraflar"
"AA","Other Expenses","AccountName_ChineseTraditional","其他費用"
"AA","Other Expenses","AccountName_Polish","Inne wydatki"
"AA","Other Expenses","AccountName_Norwegian","Andre utgifter"
"AS","61060","AccountClass","Expense"
"AA","61060","AccountName","Wages Expense"
"AS","61060","Format","b:#,##0;(#,##0)CO|0|Y"
"AA","61060","AccountName_English","Wages Expense"
"AA","61060","AccountName_German","Löhne und Gehälter"
"AA","61060","AccountName_French","Salaires"
"AA","61060","AccountName_Japanese","給与経費"
"AA","61060","AccountName_Italian","Spese per salari"
"AA","61060","AccountName_Spanish","Gastos salariales"
"AA","61060","AccountName_ChineseSimplified","工资支出"
"AA","61060","AccountName_Czech","Platové náklady"
"AA","61060","AccountName_Danish","Gageudgifter"
"AA","61060","AccountName_Finnish","Palkkakulut"
"AA","61060","AccountName_Hungarian","Bérköltségek"
"AA","61060","AccountName_Croatian","Izdaci za nadnice"
"AA","61060","AccountName_Korean","임금 지출"
"AA","61060","AccountName_Brasilian","Despesas de Remunerações"
"AA","61060","AccountName_Romanian","Cheltuieli de salarizare"
"AA","61060","AccountName_Russian","Расходы на вознаграждения"
"AA","61060","AccountName_Swedish","Lönekostnader"
"AA","61060","AccountName_Turkish","Ücretlerin Masrafı"
"AA","61060","AccountName_ChineseTraditional","工資費用"
"AA","61060","AccountName_Polish","Wydatki na płace"
"AA","61060","AccountName_Norwegian","Lønnsutgifter"
"AS","61070","AccountClass","Expense"
"AA","61070","AccountName","Benefits Expense"
"AS","61070","Format","b:#,##0;(#,##0)CO|0|Y"
"AA","61070","AccountName_English","Benefits Expense"
"AA","61070","AccountName_German","Altersversorgung"
"AA","61070","AccountName_French","Avantages en nature"
"AA","61070","AccountName_Japanese","福利厚生経費"
"AA","61070","AccountName_Italian","Spese per indennità"
"AA","61070","AccountName_Spanish","Previsión social"
"AA","61070","AccountName_ChineseSimplified","福利支出"
"AA","61070","AccountName_Czech","Náklady na benefity"
"AA","61070","AccountName_Danish","Udgift til goder"
"AA","61070","AccountName_Finnish","Etuuksista aiheutuvat kulut"
"AA","61070","AccountName_Hungarian","Juttatások költsége"
"AA","61070","AccountName_Croatian","Izdaci za povlastice"
"AA","61070","AccountName_Korean","복리후생 경비"
"AA","61070","AccountName_Brasilian","Despesas de Benefícios"
"AA","61070","AccountName_Romanian","Cheltuieli de beneficii"
"AA","61070","AccountName_Russian","Расходы на льготы"
"AA","61070","AccountName_Swedish","Förmåner"
"AA","61070","AccountName_Turkish","Ek Faydaların Masrafı"
"AA","61070","AccountName_ChineseTraditional","福利費用"
"AA","61070","AccountName_Polish","Wydatki na świadczenia"
"AA","61070","AccountName_Norwegian","Utgifter til goder"
"AS","62001","AccountClass","Expense"
"AA","62001","AccountName","Payroll Taxes"
"AS","62001","Format","b:#,##0;(#,##0)CO|0|Y"
"AA","62001","AccountName_English","Payroll Taxes"
"AA","62001","AccountName_German","Lohnsteuer"
"AA","62001","AccountName_French","Charges sociales"
"AA","62001","AccountName_Japanese","支払給与税"
"AA","62001","AccountName_Italian","Contributi"
"AA","62001","AccountName_Spanish","Impuestos sobre nóminas"
"AA","62001","AccountName_ChineseSimplified","工资税"
"AA","62001","AccountName_Czech","Daně ze mzdy"
"AA","62001","AccountName_Danish","Lønskatter"
"AA","62001","AccountName_Finnish","Palkkaverot"
"AA","62001","AccountName_Hungarian","Bérköltség adók"
"AA","62001","AccountName_Croatian","Porezi na osobne dohotke"
"AA","62001","AccountName_Korean","급여 세금"
"AA","62001","AccountName_Brasilian","Impostos de Folha de Pagamento"
"AA","62001","AccountName_Romanian","Taxe de salarizare"
"AA","62001","AccountName_Russian","Налоги на зарплату"
"AA","62001","AccountName_Swedish","Sociala avgifter och löneskatt"
"AA","62001","AccountName_Turkish","Bordro Vergileri"
"AA","62001","AccountName_ChineseTraditional","薪資稅"
"AA","62001","AccountName_Polish","Podatki na liście płac"
"AA","62001","AccountName_Norwegian","Arbeidsgiveravgift"
"AS","Payroll","FormatGroup","Subtotal1"
"AS","Payroll","AccountClass","Expense"
"AA","Payroll","AccountName","Payroll"
"AS","Payroll","Format","b:#,##0;(#,##0)CO|0|Y"
"AA","Payroll","AccountName_English","Payroll"
"AA","Payroll","AccountName_German","Personalaufwand"
"AA","Payroll","AccountName_French","Masse salariale"
"AA","Payroll","AccountName_Japanese","給与"
"AA","Payroll","AccountName_Italian","Busa paga"
"AA","Payroll","AccountName_Spanish","Nómina"
"AA","Payroll","AccountName_ChineseSimplified","工资总额"
"AA","Payroll","AccountName_Czech","Mzda"
"AA","Payroll","AccountName_Danish","Lønudgifter"
"AA","Payroll","AccountName_Finnish","Palkanlaskenta"
"AA","Payroll","AccountName_Hungarian","Munkabér"
"AA","Payroll","AccountName_Croatian","Osobni dohoci"
"AA","Payroll","AccountName_Korean","급여"
"AA","Payroll","AccountName_Brasilian","Folha de Pagamento"
"AA","Payroll","AccountName_Romanian","Salarizare"
"AA","Payroll","AccountName_Russian","Зарплата"
"AA","Payroll","AccountName_Swedish","Personalkostnader"
"AA","Payroll","AccountName_Turkish","Bordro"
"AA","Payroll","AccountName_ChineseTraditional","薪資"
"AA","Payroll","AccountName_Polish","Płace"
"AA","Payroll","AccountName_Norwegian","Lønn"
"AS","63040","AccountClass","Expense"
"AA","63040","AccountName","Travel - Other"
"AS","63040","Format","b:#,##0;(#,##0)CO|0|Y"
"AA","63040","AccountName_English","Travel - Other"
"AA","63040","AccountName_German","Reisekosten, sonstige"
"AA","63040","AccountName_French","Voyages-Autres"
"AA","63040","AccountName_Japanese","出張 - その他"
"AA","63040","AccountName_Italian","Viaggi - Altro"
"AA","63040","AccountName_Spanish","Viajes - Otro"
"AA","63040","AccountName_ChineseSimplified","差旅 - 其他"
"AA","63040","AccountName_Czech","Cestovné - jiné"
"AA","63040","AccountName_Danish","Rejse - Andet"
"AA","63040","AccountName_Finnish","Matkat - muu"
"AA","63040","AccountName_Hungarian","Utazás - Egyéb"
"AA","63040","AccountName_Croatian","Putovanja - ostalo"
"AA","63040","AccountName_Korean","출장 - 기타"
"AA","63040","AccountName_Brasilian","Viagem - Outros"
"AA","63040","AccountName_Romanian","Voiaj - Altele"
"AA","63040","AccountName_Russian","Командировки - Прочее"
"AA","63040","AccountName_Swedish","Resor - övrigt"
"AA","63040","AccountName_Turkish","Seyahat - Diğer"
"AA","63040","AccountName_ChineseTraditional","差旅 - 其他"
"AA","63040","AccountName_Polish","Podróże - inne"
"AA","63040","AccountName_Norwegian","Reise - annet"
"AS","Travel","FormatGroup","Subtotal1"
"AS","Travel","AccountClass","Expense"
"AA","Travel","AccountName","Travel"
"AS","Travel","Format","b:#,##0;(#,##0)CO|0|Y"
"AA","Travel","AccountName_English","Travel"
"AA","Travel","AccountName_German","Reisekosten"
"AA","Travel","AccountName_French","Voyages"
"AA","Travel","AccountName_Japanese","出張"
"AA","Travel","AccountName_Italian","Viaggi"
"AA","Travel","AccountName_Spanish","Viaje"
"AA","Travel","AccountName_ChineseSimplified","差旅费"
"AA","Travel","AccountName_Czech","Cestovné"
"AA","Travel","AccountName_Danish","Rejse"
"AA","Travel","AccountName_Finnish","Matkakulut"
"AA","Travel","AccountName_Hungarian","Utazás"
"AA","Travel","AccountName_Croatian","Putovanja"
"AA","Travel","AccountName_Korean","여행"
"AA","Travel","AccountName_Brasilian","Viagem"
"AA","Travel","AccountName_Romanian","Deplasare"
"AA","Travel","AccountName_Russian","Командировки"
"AA","Travel","AccountName_Swedish","Resor"
"AA","Travel","AccountName_Turkish","Seyahat"
"AA","Travel","AccountName_ChineseTraditional","差旅"
"AA","Travel","AccountName_Polish","Podróże"
"AA","Travel","AccountName_Norwegian","Reise"
"AS","64005","AccountClass","Expense"
"AA","64005","AccountName","Amortization Expense"
"AS","64005","Format","b:#,##0;(#,##0)CO|0|Y"
"AA","64005","AccountName_English","Amortization Expense"
"AA","64005","AccountName_German","64005"
"AA","64005","AccountName_French","64005"
"AA","64005","AccountName_Japanese","償却経費"
"AA","64005","AccountName_Italian","Spese di ammortamento"
"AA","64005","AccountName_Spanish","Gastos de amortización"
"AA","64005","AccountName_ChineseSimplified","摊销费用"
"AA","64005","AccountName_Czech","Náklady na amortizaci"
"AA","64005","AccountName_Danish","Amortiseringsudgifter"
"AA","64005","AccountName_Finnish","Lyhennyskulut"
"AA","64005","AccountName_Hungarian","Amortizációs költség"
"AA","64005","AccountName_Croatian","Amortizacijski izdaci"
"AA","64005","AccountName_Korean","상각 경비"
"AA","64005","AccountName_Brasilian","Despesas de Amortização"
"AA","64005","AccountName_Romanian","Cheltuieli cu amortizarea"
"AA","64005","AccountName_Russian","Амортизационные отчисления"
"AA","64005","AccountName_Swedish","Amorteringskostnader"
"AA","64005","AccountName_Turkish","Amortisman Masrafı (Maddi Olmayan Varlıklar)"
"AA","64005","AccountName_ChineseTraditional","攤銷費用"
"AA","64005","AccountName_Polish","Wydatki związane z umorzeniami"
"AA","64005","AccountName_Norwegian","Nedskrivningskostnader"
"AS","64020","AccountClass","Expense"
"AA","64020","AccountName","Depreciation Expense"
"AS","64020","Format","b:#,##0;(#,##0)CO|0|Y"
"AA","64020","AccountName_English","Depreciation Expense"
"AA","64020","AccountName_German","64020"
"AA","64020","AccountName_French","64020"
"AA","64020","AccountName_Japanese","減価経費"
"AA","64020","AccountName_Italian","Spese di deprezzamento"
"AA","64020","AccountName_Spanish","Gastos de depreciación"
"AA","64020","AccountName_ChineseSimplified","折旧费"
"AA","64020","AccountName_Czech","Náklady na odpisy"
"AA","64020","AccountName_Danish","Afskrivningsudgift"
"AA","64020","AccountName_Finnish","Poistokulut"
"AA","64020","AccountName_Hungarian","Értékcsökkenési költség"
"AA","64020","AccountName_Croatian","Izdaci za amortizaciju"
"AA","64020","AccountName_Korean","감가상각비"
"AA","64020","AccountName_Brasilian","Despesas de Depreciação"
"AA","64020","AccountName_Romanian","Cheltuieli de amortizare"
"AA","64020","AccountName_Russian","Расходы на уценку"
"AA","64020","AccountName_Swedish","Avskrivningskostnader"
"AA","64020","AccountName_Turkish","Amortisman Masrafı"
"AA","64020","AccountName_ChineseTraditional","折舊費用"
"AA","64020","AccountName_Polish","Wydatki na amortyzację"
"AA","64020","AccountName_Norwegian","Avskrivningskostnader"
"AS","Depr & Amort","FormatGroup","Subtotal1"
"AS","Depr & Amort","AccountClass","Expense"
"AA","Depr & Amort","AccountName","Depr & Amort"
"AS","Depr & Amort","Format","b:#,##0;(#,##0)CO|0|Y"
"AA","Depr & Amort","AccountName_English","Depr & Amort"
"AA","Depr & Amort","AccountName_German","Abschreigungen gesamt"
"AA","Depr & Amort","AccountName_French","Total amortissements"
"AA","Depr & Amort","AccountName_Japanese","減価と償却"
"AA","Depr & Amort","AccountName_Italian","Ammortamento e deprezzamento"
"AA","Depr & Amort","AccountName_Spanish","Depreciación y amortización"
"AA","Depr & Amort","AccountName_ChineseSimplified","折旧与摊销"
"AA","Depr & Amort","AccountName_Czech","Odpisy &amp; amortizace"
"AA","Depr & Amort","AccountName_Danish","Afskr. og amort."
"AA","Depr & Amort","AccountName_Finnish","Poistot ja lyhennykset"
"AA","Depr & Amort","AccountName_Hungarian","Értékcsök. és amort."
"AA","Depr & Amort","AccountName_Croatian","Umanj. i amort."
"AA","Depr & Amort","AccountName_Korean","감가상각비 및 할부상환"
"AA","Depr & Amort","AccountName_Brasilian","Deprec e Amort"
"AA","Depr & Amort","AccountName_Romanian","Depr &amp; Amort"
"AA","Depr & Amort","AccountName_Russian","Уценка и амортизация"
"AA","Depr & Amort","AccountName_Swedish","Amorteringar och avskrivningar"
"AA","Depr & Amort","AccountName_Turkish","Maddi Duran Varlıklar ve Maddi Olmayan Duran Varlıklar Amortismanı"
"AA","Depr & Amort","AccountName_ChineseTraditional","折舊與攤銷"
"AA","Depr & Amort","AccountName_Polish","Amortyzacja i umorzenia"
"AA","Depr & Amort","AccountName_Norwegian","Av- og nedskrivning"
"AS","65005","AccountClass","Expense"
"AA","65005","AccountName","Advertising"
"AS","65005","Format","b:#,##0;(#,##0)CO|0|Y"
"AA","65005","AccountName_English","Advertising"
"AA","65005","AccountName_German","65005"
"AA","65005","AccountName_French","65005"
"AA","65005","AccountName_Japanese","広告"
"AA","65005","AccountName_Italian","Pubblicità"
"AA","65005","AccountName_Spanish","Publicidad"
"AA","65005","AccountName_ChineseSimplified","广告"
"AA","65005","AccountName_Czech","Reklama"
"AA","65005","AccountName_Danish","Reklame"
"AA","65005","AccountName_Finnish","Mainonta"
"AA","65005","AccountName_Hungarian","Hirdetés"
"AA","65005","AccountName_Croatian","Oglašavanje"
"AA","65005","AccountName_Korean","광고"
"AA","65005","AccountName_Brasilian","Publicidade"
"AA","65005","AccountName_Romanian","Publicitate"
"AA","65005","AccountName_Russian","Реклама"
"AA","65005","AccountName_Swedish","Reklam"
"AA","65005","AccountName_Turkish","Reklam"
"AA","65005","AccountName_ChineseTraditional","廣告"
"AA","65005","AccountName_Polish","Reklama"
"AA","65005","AccountName_Norwegian","Reklame"
"AS","65006","AccountClass","Expense"
"AA","65006","AccountName","Web Site"
"AS","65006","Format","b:#,##0;(#,##0)CO|0|Y"
"AA","65006","AccountName_English","Web Site"
"AA","65006","AccountName_German","65006"
"AA","65006","AccountName_French","65006"
"AA","65006","AccountName_Japanese","Web サイト"
"AA","65006","AccountName_Italian","Sito web"
"AA","65006","AccountName_Spanish","Sitio web"
"AA","65006","AccountName_ChineseSimplified","网站"
"AA","65006","AccountName_Czech","Webová stránka"
"AA","65006","AccountName_Danish","Websted"
"AA","65006","AccountName_Finnish","Verkkosivusto"
"AA","65006","AccountName_Hungarian","Webhely"
"AA","65006","AccountName_Croatian","Web sjedište"
"AA","65006","AccountName_Korean","웹 사이트"
"AA","65006","AccountName_Brasilian","Web Site"
"AA","65006","AccountName_Romanian","Site Web"
"AA","65006","AccountName_Russian","Веб-сайт"
"AA","65006","AccountName_Swedish","Webbplats"
"AA","65006","AccountName_Turkish","Web Sitesi"
"AA","65006","AccountName_ChineseTraditional","網站"
"AA","65006","AccountName_Polish","Serwis WWW"
"AA","65006","AccountName_Norwegian","Websted"
"AS","65015","AccountClass","Expense"
"AA","65015","AccountName","Directories & Mailing Lists"
"AS","65015","Format","b:#,##0;(#,##0)CO|0|Y"
"AA","65015","AccountName_English","Directories & Mailing Lists"
"AA","65015","AccountName_German","65015"
"AA","65015","AccountName_French","65015"
"AA","65015","AccountName_Japanese","ディレクトリとメーリング リスト"
"AA","65015","AccountName_Italian","Elenchi telefonici e mailing list"
"AA","65015","AccountName_Spanish","Directorios y listas de correo"
"AA","65015","AccountName_ChineseSimplified","目录与邮寄清单"
"AA","65015","AccountName_Czech","Adresáře &amp; seznamy adres"
"AA","65015","AccountName_Danish","Biblioteker og postlister"
"AA","65015","AccountName_Finnish","Hakemistot ja postituslistat"
"AA","65015","AccountName_Hungarian","Címjegyzékek és levelezőlisták"
"AA","65015","AccountName_Croatian","Direktoriji i popisi za poštu"
"AA","65015","AccountName_Korean","안내 책자 및 우편물 수신자 명단"
"AA","65015","AccountName_Brasilian","Diretórios &amp; Listas de Distribuição"
"AA","65015","AccountName_Romanian","Directoare &amp; Liste de corespondenţă"
"AA","65015","AccountName_Russian","Каталоги и почтовые списки"
"AA","65015","AccountName_Swedish","Kataloger och sändlistor"
"AA","65015","AccountName_Turkish","Rehberler ve Posta Listeleri"
"AA","65015","AccountName_ChineseTraditional","目錄及郵寄清單"
"AA","65015","AccountName_Polish","Katalogi i listy adresowe"
"AA","65015","AccountName_Norwegian","Kataloger & adresselister"
"AS","65018","AccountClass","Expense"
"AA","65018","AccountName","Sales Promotions"
"AS","65018","Format","b:#,##0;(#,##0)CO|0|Y"
"AA","65018","AccountName_English","Sales Promotions"
"AA","65018","AccountName_German","65018"
"AA","65018","AccountName_French","65018"
"AA","65018","AccountName_Japanese","販売促進"
"AA","65018","AccountName_Italian","Vendite promozionali"
"AA","65018","AccountName_Spanish","Promociones de ventas"
"AA","65018","AccountName_ChineseSimplified","促销"
"AA","65018","AccountName_Czech","Propagace prodeje"
"AA","65018","AccountName_Danish","Salgskampagner"
"AA","65018","AccountName_Finnish","Myynninedistäminen"
"AA","65018","AccountName_Hungarian","Értékesítési promóciók"
"AA","65018","AccountName_Croatian","Prodajne promocije"
"AA","65018","AccountName_Korean","판촉"
"AA","65018","AccountName_Brasilian","Promoções de Vendas"
"AA","65018","AccountName_Romanian","Vânzări promoţionale"
"AA","65018","AccountName_Russian","Коммерческие рекламные акции"
"AA","65018","AccountName_Swedish","Säljfrämjande åtgärder"
"AA","65018","AccountName_Turkish","Satış Promosyonları"
"AA","65018","AccountName_ChineseTraditional","促銷"
"AA","65018","AccountName_Polish","Promocje"
"AA","65018","AccountName_Norwegian","Salgskampanjer"
"AS","65020","AccountClass","Expense"
"AA","65020","AccountName","Marketing, Other"
"AS","65020","Format","b:#,##0;(#,##0)CO|0|Y"
"AA","65020","AccountName_English","Marketing, Other"
"AA","65020","AccountName_German","65020"
"AA","65020","AccountName_French","65020"
"AA","65020","AccountName_Japanese","企画、その他"
"AA","65020","AccountName_Italian","Marketing - Altro"
"AA","65020","AccountName_Spanish","Márketing - Otro"
"AA","65020","AccountName_ChineseSimplified","营销费用，其他"
"AA","65020","AccountName_Czech","Marketing, další"
"AA","65020","AccountName_Danish","Markedsføring, andet"
"AA","65020","AccountName_Finnish","Muu markkinointi"
"AA","65020","AccountName_Hungarian","Marketing, egyéb"
"AA","65020","AccountName_Croatian","Marketing, ostalo"
"AA","65020","AccountName_Korean","마케팅, 기타"
"AA","65020","AccountName_Brasilian","Marketing, Outros"
"AA","65020","AccountName_Romanian","Marketing, altele"
"AA","65020","AccountName_Russian","Маркетинг, Прочее"
"AA","65020","AccountName_Swedish","Marknadsföring, övrigt"
"AA","65020","AccountName_Turkish","Pazarlama, Diğer"
"AA","65020","AccountName_ChineseTraditional","行銷，其他"
"AA","65020","AccountName_Polish","Marketing, inne"
"AA","65020","AccountName_Norwegian","Markedsføring, annet"
"AS","65022","AccountClass","Expense"
"AA","65022","AccountName","Direct Marketing"
"AS","65022","Format","b:#,##0;(#,##0)CO|0|Y"
"AA","65022","AccountName_English","Direct Marketing"
"AA","65022","AccountName_German","65022"
"AA","65022","AccountName_French","65022"
"AA","65022","AccountName_Japanese","直接販売"
"AA","65022","AccountName_Italian","Marketing diretto"
"AA","65022","AccountName_Spanish","Márketing directo"
"AA","65022","AccountName_ChineseSimplified","直销"
"AA","65022","AccountName_Czech","Přímý marketing"
"AA","65022","AccountName_Danish","Direkte markedsføring"
"AA","65022","AccountName_Finnish","Suoramarkkinointi"
"AA","65022","AccountName_Hungarian","Direkt marketing"
"AA","65022","AccountName_Croatian","Izravna prodaja"
"AA","65022","AccountName_Korean","다이렉트 마케팅"
"AA","65022","AccountName_Brasilian","Marketing Direto"
"AA","65022","AccountName_Romanian","Marketing direct"
"AA","65022","AccountName_Russian","Прямой маркетинг"
"AA","65022","AccountName_Swedish","Direktförsäljning"
"AA","65022","AccountName_Turkish","Doğrudan Pazarlama"
"AA","65022","AccountName_ChineseTraditional","直接行銷"
"AA","65022","AccountName_Polish","Marketing bezpośredni"
"AA","65022","AccountName_Norwegian","Direkte markedsføring"
"AS","65035","AccountClass","Expense"
"AA","65035","AccountName","Trade Show Expense"
"AS","65035","Format","b:#,##0;(#,##0)CO|0|Y"
"AA","65035","AccountName_English","Trade Show Expense"
"AA","65035","AccountName_German","65035"
"AA","65035","AccountName_French","65035"
"AA","65035","AccountName_Japanese","トレード ショー経費"
"AA","65035","AccountName_Italian","Spese per fiere campionarie"
"AA","65035","AccountName_Spanish","Gastos en ferias comerciales"
"AA","65035","AccountName_ChineseSimplified","会展费用"
"AA","65035","AccountName_Czech","Náklady na obchodní výstavy"
"AA","65035","AccountName_Danish","Udgift til handelsmesse"
"AA","65035","AccountName_Finnish","Messukulut"
"AA","65035","AccountName_Hungarian","Vásár költségek"
"AA","65035","AccountName_Croatian","Trošak trgovačkih sajmova"
"AA","65035","AccountName_Korean","무역 박람회 경비"
"AA","65035","AccountName_Brasilian","Despesas de Feiras"
"AA","65035","AccountName_Romanian","Cheltuială Trade Show Expense"
"AA","65035","AccountName_Russian","Расходы на торговые выставки"
"AA","65035","AccountName_Swedish","Kostnader för mässor"
"AA","65035","AccountName_Turkish","Fuar Masrafı"
"AA","65035","AccountName_ChineseTraditional","貿易展費用"
"AA","65035","AccountName_Polish","Wydatki związane z targami"
"AA","65035","AccountName_Norwegian","Varemesseutgifter"
"AS","Adv & Marketing","FormatGroup","Subtotal1"
"AS","Adv & Marketing","AccountClass","Expense"
"AA","Adv & Marketing","AccountName","Adv & Marketing"
"AS","Adv & Marketing","Format","b:#,##0;(#,##0)CO|0|Y"
"AA","Adv & Marketing","AccountName_English","Adv & Marketing"
"AA","Adv & Marketing","AccountName_German","Adv & Marketing"
"AA","Adv & Marketing","AccountName_French","Adv & Marketing"
"AA","Adv & Marketing","AccountName_Japanese","広告と企画"
"AA","Adv & Marketing","AccountName_Italian","Pubblicità e marketing"
"AA","Adv & Marketing","AccountName_Spanish","Publicidad y Márketing"
"AA","Adv & Marketing","AccountName_ChineseSimplified","广告与营销"
"AA","Adv & Marketing","AccountName_Czech","Reklama &amp; marketing"
"AA","Adv & Marketing","AccountName_Danish","Rekl. og markedsf."
"AA","Adv & Marketing","AccountName_Finnish","Mainostus ja markkinointi"
"AA","Adv & Marketing","AccountName_Hungarian","Hirdetés és marketing"
"AA","Adv & Marketing","AccountName_Croatian","Oglasi i marketing"
"AA","Adv & Marketing","AccountName_Korean","광고 및 마케팅"
"AA","Adv & Marketing","AccountName_Brasilian","Propaganda e Marketing"
"AA","Adv & Marketing","AccountName_Romanian","Publicitate &amp; Marketing"
"AA","Adv & Marketing","AccountName_Russian","Реклама и маркетинг"
"AA","Adv & Marketing","AccountName_Swedish","Reklam och marknadsföring"
"AA","Adv & Marketing","AccountName_Turkish","Reklam ve Pazarlama"
"AA","Adv & Marketing","AccountName_ChineseTraditional","廣告與行銷"
"AA","Adv & Marketing","AccountName_Polish","Reklama i marketing"
"AA","Adv & Marketing","AccountName_Norwegian","Reklame & markedsføring"
"AS","Operating Expense","FormatGroup","Subtotal2"
"AS","Operating Expense","AccountClass","Expense"
"AA","Operating Expense","AccountName","Operating Expense"
"AS","Operating Expense","Format","b:#,##0;(#,##0)CO|0|Y"
"AA","Operating Expense","AccountName_English","Operating Expense"
"AA","Operating Expense","AccountName_German","Aufwand"
"AA","Operating Expense","AccountName_French","Dépenses d'exploitation"
"AA","Operating Expense","AccountName_Japanese","営業経費"
"AA","Operating Expense","AccountName_Italian","Costi di esercizio"
"AA","Operating Expense","AccountName_Spanish","Gastos de operación"
"AA","Operating Expense","AccountName_ChineseSimplified","运营费用"
"AA","Operating Expense","AccountName_Czech","Provozní náklady"
"AA","Operating Expense","AccountName_Danish","Driftsudgift"
"AA","Operating Expense","AccountName_Finnish","Käyttökulut"
"AA","Operating Expense","AccountName_Hungarian","Üzemeltetési költség"
"AA","Operating Expense","AccountName_Croatian","Operativni troškovi"
"AA","Operating Expense","AccountName_Korean","영업 경비"
"AA","Operating Expense","AccountName_Brasilian","Despesas Operacionais"
"AA","Operating Expense","AccountName_Romanian","Cheltuieli operaţionale"
"AA","Operating Expense","AccountName_Russian","Оперативные расходы"
"AA","Operating Expense","AccountName_Swedish","Rörelsekostnader"
"AA","Operating Expense","AccountName_Turkish","Faaliyet Masrafı"
"AA","Operating Expense","AccountName_ChineseTraditional","營業費用"
"AA","Operating Expense","AccountName_Polish","Wydatki na działalność operacyjną"
"AA","Operating Expense","AccountName_Norwegian","Driftsutgifter"
"AS","Net Operating Income","FormatGroup","Total"
"AS","Net Operating Income","AccountClass","Expense"
"AA","Net Operating Income","AccountName","Net Operating Income"
"AS","Net Operating Income","Format","b:#,##0;(#,##0)CO|0|Y"
"AA","Net Operating Income","AccountName_English","Net Operating Income"
"AA","Net Operating Income","AccountName_German","Netto-Ergebnis"
"AA","Net Operating Income","AccountName_French","Résultat d'exploitation net"
"AA","Net Operating Income","AccountName_Japanese","純営業収入"
"AA","Net Operating Income","AccountName_Italian","Utile netto di esercizio"
"AA","Net Operating Income","AccountName_Spanish","Rendimiento neto de explotación"
"AA","Net Operating Income","AccountName_ChineseSimplified","净经营收入"
"AA","Net Operating Income","AccountName_Czech","Čistí provozní zisk"
"AA","Net Operating Income","AccountName_Danish","Netto driftsindtægt"
"AA","Net Operating Income","AccountName_Finnish","Liikevoitto"
"AA","Net Operating Income","AccountName_Hungarian","Hálózatüzemeltetési bevétel"
"AA","Net Operating Income","AccountName_Croatian","Neto operativni prihod"
"AA","Net Operating Income","AccountName_Korean","순영업 수입"
"AA","Net Operating Income","AccountName_Brasilian","Receita Operacional Líquida"
"AA","Net Operating Income","AccountName_Romanian","Venit net operaţional"
"AA","Net Operating Income","AccountName_Russian","Чистая оперативная прибыль"
"AA","Net Operating Income","AccountName_Swedish","Rörelseresultat netto"
"AA","Net Operating Income","AccountName_Turkish","Net Faaliyet Geliri"
"AA","Net Operating Income","AccountName_ChineseTraditional","淨營業收入"
"AA","Net Operating Income","AccountName_Polish","Dochód netto z działalności operacyjnej"
"AA","Net Operating Income","AccountName_Norwegian","Netto driftsresultat"
